nr,rtl,cf
30,1,240.3768962
0,2,174.6287698
0,3,111.5782128
0,4,48.52765569
0,5,-14.52290138
0,6,-77.57345846
